
{
    "main_ui": {
        "experience_title": "Le climatiseur en deux blocs",
        "help_btn": "Aide",
        "help_modal_title": "<strong>Fonctionnement</strong>",
        "help_modal_text": "<strong>Étape 1</strong> : ***</br></br><strong>Étape 2</strong> : ***",
        "initial_1_modal_text": "Tu peux pivoter autour du modèle 3D, zoomer et dézoomer. Depuis un smartphone, tu peux aussi visualiser le poêle en réalité augmentée : si ton smartphone est compatible avec cette technologie, un cube apparaitra en bas à droite de ton écran.",
        "initial_2_modal_text": "Cet climatiseur est composé de plusieurs parties. Tu peux accéder à la vue éclatée en appuyant sur le bouton avec cet icône, situé en haut à gauche.",
        "initial_3_modal_text": "Pour suivre ta progression, une barre avec des coeurs en bas de l'écran se remplira à chaque bonne réponse fournie !",
        "initial_4_modal_text": "<strong>Ta mission</strong></br>Identifier certains éléments clés du climatiseur en cliquant sur les zones d’interaction. À chaque bonne réponse, un point est gagné !",
        "felicitation_modal_title": "Félicitations !",
        "felicitation_modal_text": "Tu as exploré toutes les zones de ce climatiseur.",
        "felicitation_modal_leave_btn": "Retour au choix des climatiseur",
        "understood": "Compris >",
        "letsbegin": "Commençons !",
        "ok": "OK",
        "validate": "Valider",
        "close": "Fermer",
        "retry": "Rééssayer",
        "element_question": "De quel élément s’agit-il ?",
        "element_question_cascade": "À quoi sert cet élément ?",
        "choose_answer": "Choisis une réponse",
        "good_answer": "Bonne réponse !",
        "bad_answer": "Mauvaise réponse.",
        "bad_answer_cascade": "Mauvaise fonction choisie."
    },
    "settings": {
        "experience_title": true,
        "interactive_hot_spots_visible_labels": true,
        "default_viewer_3d_cam_position": "-100deg 90deg 4m",
        "default_viewer_3d_cam_target": "0.00m 1.20m 0.00m"
    },
    "interactive_hot_spots": [
        {
            "index": 0,
            "hidden_name": "Le compresseur", 
            "mesh_3d_to_highlight": "clim_split_comp_hl",
            "viewer_3d_data_position1": "-0.22m 0.96m -0.46m", "comment_data": "-L+R -B+T -B+F",
            "viewer_3d_data_position2": "-0.22m 0.96m -0.46m",
            "viewer_3d_data_normal": "0.00m 0.00m 0.00m",
            "viewer_3d_cam_position": "-140deg 85deg 1.00m", "comment_cam": "-L+R -B+T DIST",
            "viewer_3d_cam_target": "-0.22m 0.90m -0.46m",
            "success_title": "Effectivement, il s’agit bien du compresseur !",
            "success_description": "Il fait circuler le fluide frigorigène ",
            "failed_title": "Eh non, ce n’est pas le compresseur !",
            "failed_description": "Le compresseur est placée dans l’unité extérieure du climatiseur et il comprime le fluide et le réchauffe.",
            "wrong_function": "Car c'est le compresseur qui est placée dans l’unité extérieure du climatiseur et qui comprime le fluide et le réchauffe."
        },
        {
            "index": 1,
            "hidden_name": "Le condenseur", 
            "mesh_3d_to_highlight": "clim_split_cond_hl",
            "viewer_3d_data_position1": "0.15m 0.89m -0.28m", "comment_data": "-L+R -B+T -B+F",
            "viewer_3d_data_position2": "0.15m 0.89m -0.28m",
            "viewer_3d_data_normal": "0.00m 0.00m 0.00m",
            "viewer_3d_cam_position": "-220deg 65deg 1.00m", "comment_cam": "-L+R -B+T DIST",
            "viewer_3d_cam_target": "0.15m 1.00m -0.28m",
            "success_title": "Effectivement, il s’agit bien du condenseur !",
            "success_description": "Il échange la chaleur entre le fluide et l’air extérieur du bâtiment",
            "failed_title": "Eh non, ce n’est pas le condenseur !",
            "failed_description": "Le condenseur permet l’échange de chaleur entre le fluide frigorigène et l’air extérieur du bâtiment, à l’image de l’évaporateur à la différence que le fluide est très chaud et il est donc situé dans l’unité extérieur du climatiseur.",
            "wrong_function": "Car c'est le condenseur qui permet l’échange de chaleur entre le fluide frigorigène et l’air extérieur du bâtiment, à l’image de l’évaporateur à la différence que le fluide est très chaud et il est donc situé dans l’unité extérieur du climatiseur."
        },
        {
            "index": 2,
            "hidden_name": "Le détendeur", 
            "mesh_3d_to_highlight": "clim_split_deten_hl",
            "viewer_3d_data_position1": "-0.25m 1.00m -0.39m", "comment_data": "-L+R -B+T -B+F",
            "viewer_3d_data_position2": "-0.25m 1.00m -0.39m",
            "viewer_3d_data_normal": "0.00m 0.00m 0.00m",
            "viewer_3d_cam_position": "-180deg 45deg 0.75m", "comment_cam": "-L+R -B+T DIST",
            "viewer_3d_cam_target": "-0.25m 1.00m -0.39m",
            "success_title": "Effectivement, il s’agit bien du détendeur !",
            "success_description": "Il baisse la pression et la température du fluide",
            "failed_title": "Eh non, ce n’est pas le détendeur !",
            "failed_description": "Le détendeur permet de baisser la température du fluide frigorigène.",
            "wrong_function": "Car c'est le détendeur qui permet de baisser la température du fluide frigorigène."
        },
        {
            "index": 3,
            "hidden_name": "L’évaporateur", 
            "mesh_3d_to_highlight": "clim_split_evap_hl",
            "viewer_3d_data_position1": "-0.25m 1.98m 0.34m", "comment_data": "-L+R -B+T -B+F",
            "viewer_3d_data_position2": "-0.25m 1.98m 0.54m",
            "viewer_3d_data_normal": "0.00m 0.00m 0.00m",
            "viewer_3d_cam_position": "-60deg 125deg 1.00m", "comment_cam": "-L+R -B+T DIST",
            "viewer_3d_cam_target": "-0.25m 1.78m 0.54m",
            "success_title": "Effectivement, il s’agit bien de l’évaporateur !",
            "success_description": "Il permet l’échange de chaleur dans la pièce",
            "failed_title": "Eh non, ce n’est pas l’évaporateur !",
            "failed_description": "L’évaporateur permet l’échange de chaleur entre le fluide qui est froid et qui vient prendre la chaleur dans l’air de la pièce à rafraichir.",
            "wrong_function": "Car c'est l’évaporateur qui permet l’échange de chaleur entre le fluide qui est froid et qui vient prendre la chaleur dans l’air de la pièce à rafraichir."
        },
        {
            "index": 4,
            "hidden_name": "La turbine", 
            "mesh_3d_to_highlight": "clim_split_turb_hl",
            "viewer_3d_data_position1": "-0.26m 1.9m 0.28m", "comment_data": "-L+R -B+T -B+F",
            "viewer_3d_data_position2": "-0.26m 1.9m 0.48m",
            "viewer_3d_data_normal": "0.00m 0.00m 0.00m",
            "viewer_3d_cam_position": "-60deg 135deg 1.00m", "comment_cam": "-L+R -B+T DIST",
            "viewer_3d_cam_target": "-0.26m 1.7m 0.48m",
            "success_title": "Effectivement, il s’agit bien de la turbine !",
            "success_description": "Elle permet d'expluser l'air réfroidi dans la pièce.",
            "failed_title": "Eh non, ce n’est pas de la turbine !",
            "failed_description": "La turbine permet d'expluser l'air réfroidi dans la pièce.",
            "wrong_function": "Car c'est la turbine qui permet d'expluser l'air réfroidi dans la pièce."
        }
    ]
}